user:id,context:timestamp,activities:key,activities:label,chores,communicate,day,extra,grooming,homework,meals,purchases,read,school,sleep,social_media,socialize,spiritual,sports,television,travel,videogames,work,context:location:latitude,context:location:longitude
"bvsd-59352","2025-11-04 09:17:22","[0,1,17,3,4,5,6,7,12,13]","[Sleep, Meals/Eating, Social Media, Homework, Work, Grooming, Travel/Commuting, Chores, Communicating, Socializing]","20","180","3","NOT_DISPLAYED","40","60","60","NOT_DISPLAYED","NOT_DISPLAYED","NOT_DISPLAYED","540","90","80","NOT_DISPLAYED","NOT_DISPLAYED","NOT_DISPLAYED","70","NOT_DISPLAYED","300",,
"bvsd-59352","2025-11-04 09:11:24","[0,1,2,3,5,6,7,12,13,15]","[Sleep, Meals/Eating, School, Homework, Grooming, Travel/Commuting, Chores, Communicating, Socializing, Purchasing]","5","20","1","NOT_DISPLAYED","80","90","110","20","NOT_DISPLAYED","360","480","NOT_DISPLAYED","185","NOT_DISPLAYED","NOT_DISPLAYED","NOT_DISPLAYED","90","NOT_DISPLAYED","NOT_DISPLAYED",,
"bvsd-61449","2025-10-30 10:28:56","[0,1,17,5,6,7,8,12,13]","[Sleep, Meals/Eating, Social Media, Grooming, Travel/Commuting, Chores, Television, Communicating, Socializing]","5","50","3","NOT_DISPLAYED","50","NOT_DISPLAYED","75","NOT_DISPLAYED","NOT_DISPLAYED","NOT_DISPLAYED","870","135","90","NOT_DISPLAYED","NOT_DISPLAYED","120","45","NOT_DISPLAYED","NOT_DISPLAYED","38.90953255065038","-94.67081522180004"
"bvsd-61449","2025-10-30 10:25:14","[0,1,17,2,5,6,8,10,12,13,15]","[Sleep, Meals/Eating, Social Media, School, Grooming, Travel/Commuting, Television, Sports, Communicating, Socializing, Purchasing]","NOT_DISPLAYED","40","2","NOT_DISPLAYED","45","NOT_DISPLAYED","120","20","NOT_DISPLAYED","265","330","170","300","NOT_DISPLAYED","15","40","95","NOT_DISPLAYED","NOT_DISPLAYED","38.9063341011032","-94.65675217819937"
"bvsd-04643","2025-10-30 09:52:11","[0,1,17,4,5,6,8,9,15]","[Sleep, Meals/Eating, Social Media, Work, Grooming, Travel/Commuting, Television, Videogames, Purchasing]","NOT_DISPLAYED","NOT_DISPLAYED","3","NOT_DISPLAYED","30","NOT_DISPLAYED","55","5","NOT_DISPLAYED","NOT_DISPLAYED","520","140","NOT_DISPLAYED","NOT_DISPLAYED","NOT_DISPLAYED","140","30","100","420",,
"bvsd-59352","2025-10-30 09:46:19","[0,1,17,3,4,5,6,12,13,15]","[Sleep, Meals/Eating, Social Media, Homework, Work, Grooming, Travel/Commuting, Communicating, Socializing, Purchasing]","NOT_DISPLAYED","60","5","NOT_DISPLAYED","30","60","40","20","NOT_DISPLAYED","NOT_DISPLAYED","600","115","180","NOT_DISPLAYED","NOT_DISPLAYED","NOT_DISPLAYED","95","NOT_DISPLAYED","240",,
"bvsd-59352","2025-10-30 09:44:06","[0,1,17,2,3,4,5,6,12,13]","[Sleep, Meals/Eating, Social Media, School, Homework, Work, Grooming, Travel/Commuting, Communicating, Socializing]","NOT_DISPLAYED","30","4","NOT_DISPLAYED","10","60","80","NOT_DISPLAYED","NOT_DISPLAYED","420","360","80","70","NOT_DISPLAYED","NOT_DISPLAYED","NOT_DISPLAYED","30","NOT_DISPLAYED","300",,
"bvsd-61449","2025-10-26 21:11:36","[0,16,1,17,2,3,5,6,12,13,15]","[Sleep, Extracurricular, Meals/Eating, Social Media, School, Homework, Grooming, Travel/Commuting, Communicating, Socializing, Purchasing]","NOT_DISPLAYED","110","4","60","50","45","105","40","NOT_DISPLAYED","220","450","225","75","NOT_DISPLAYED","NOT_DISPLAYED","NOT_DISPLAYED","60","NOT_DISPLAYED","NOT_DISPLAYED","38.926176353317395","-94.6278711026602"
"bvsd-61449","2025-10-23 13:43:56","[0,1,17,5,6,8,12,13,15]","[Sleep, Meals/Eating, Social Media, Grooming, Travel/Commuting, Television, Communicating, Socializing, Purchasing]","NOT_DISPLAYED","30","5","NOT_DISPLAYED","60","NOT_DISPLAYED","105","30","NOT_DISPLAYED","NOT_DISPLAYED","780","165","45","NOT_DISPLAYED","NOT_DISPLAYED","165","60","NOT_DISPLAYED","NOT_DISPLAYED","38.906765810754756","-94.62238800039067"
"bvsd-55411","2025-10-23 12:51:30","[0,16,1,17,2,3,5,6,8,13]","[Sleep, Extracurricular, Meals/Eating, Social Media, School, Homework, Grooming, Travel/Commuting, Television, Socializing]","NOT_DISPLAYED","NOT_DISPLAYED","5","50","65","110","50","NOT_DISPLAYED","NOT_DISPLAYED","300","480","50","225","NOT_DISPLAYED","NOT_DISPLAYED","20","90","NOT_DISPLAYED","NOT_DISPLAYED","38.90032995584418","-94.65597690493647"
"bvsd-55411","2025-10-23 12:50:26","[0,1,17,2,3,5,6,8,13]","[Sleep, Meals/Eating, Social Media, School, Homework, Grooming, Travel/Commuting, Television, Socializing]","NOT_DISPLAYED","NOT_DISPLAYED","4","NOT_DISPLAYED","20","240","20","NOT_DISPLAYED","NOT_DISPLAYED","180","800","50","60","NOT_DISPLAYED","NOT_DISPLAYED","50","20","NOT_DISPLAYED","NOT_DISPLAYED","38.91522005081348","-94.67437121719018"
"bvsd-55411","2025-10-23 12:49:31","[0,1,5,6,7,8,13,15]","[Sleep, Meals/Eating, Grooming, Travel/Commuting, Chores, Television, Socializing, Purchasing]","40","NOT_DISPLAYED","3","NOT_DISPLAYED","60","NOT_DISPLAYED","20","45","NOT_DISPLAYED","NOT_DISPLAYED","670","NOT_DISPLAYED","450","NOT_DISPLAYED","NOT_DISPLAYED","110","45","NOT_DISPLAYED","NOT_DISPLAYED","38.908720520380264","-94.6618058115629"
"bvsd-55411","2025-10-23 12:48:37","[0,1,5,6,7,8,13,15]","[Sleep, Meals/Eating, Grooming, Travel/Commuting, Chores, Television, Socializing, Purchasing]","120","NOT_DISPLAYED","2","NOT_DISPLAYED","170","NOT_DISPLAYED","75","65","NOT_DISPLAYED","NOT_DISPLAYED","540","NOT_DISPLAYED","315","NOT_DISPLAYED","NOT_DISPLAYED","35","120","NOT_DISPLAYED","NOT_DISPLAYED","38.904100024329395","-94.65747702316705"
"bvsd-55411","2025-10-23 12:47:24","[0,1,2,5,6,13]","[Sleep, Meals/Eating, School, Grooming, Travel/Commuting, Socializing]","NOT_DISPLAYED","NOT_DISPLAYED","1","NOT_DISPLAYED","45","NOT_DISPLAYED","40","NOT_DISPLAYED","NOT_DISPLAYED","420","540","NOT_DISPLAYED","305","NOT_DISPLAYED","NOT_DISPLAYED","NOT_DISPLAYED","90","NOT_DISPLAYED","NOT_DISPLAYED","38.91659484126627","-94.65605876551075"
"bvsd-79542","2025-10-22 10:19:12","[0,1,17,2,3,4,5,6,9,13]","[Sleep, Meals/Eating, Social Media, School, Homework, Work, Grooming, Travel/Commuting, Videogames, Socializing]","NOT_DISPLAYED","NOT_DISPLAYED","5","NOT_DISPLAYED","20","55","25","NOT_DISPLAYED","NOT_DISPLAYED","305","555","60","50","NOT_DISPLAYED","NOT_DISPLAYED","NOT_DISPLAYED","90","25","255",,
"bvsd-79542","2025-10-22 10:18:16","[0,1,17,2,3,4,5,6,9,10]","[Sleep, Meals/Eating, Social Media, School, Homework, Work, Grooming, Travel/Commuting, Videogames, Sports]","NOT_DISPLAYED","NOT_DISPLAYED","4","NOT_DISPLAYED","20","45","40","NOT_DISPLAYED","NOT_DISPLAYED","335","470","75","NOT_DISPLAYED","NOT_DISPLAYED","100","NOT_DISPLAYED","85","30","240",,
"bvsd-79542","2025-10-22 10:17:16","[0,1,17,5,6,9,10,13]","[Sleep, Meals/Eating, Social Media, Grooming, Travel/Commuting, Videogames, Sports, Socializing]","NOT_DISPLAYED","NOT_DISPLAYED","3","NOT_DISPLAYED","20","NOT_DISPLAYED","90","NOT_DISPLAYED","NOT_DISPLAYED","NOT_DISPLAYED","585","195","285","NOT_DISPLAYED","120","NOT_DISPLAYED","40","105","NOT_DISPLAYED",,
"bvsd-79542","2025-10-22 10:16:21","[0,1,17,5,6,9,10,13]","[Sleep, Meals/Eating, Social Media, Grooming, Travel/Commuting, Videogames, Sports, Socializing]","NOT_DISPLAYED","NOT_DISPLAYED","2","NOT_DISPLAYED","40","NOT_DISPLAYED","80","NOT_DISPLAYED","NOT_DISPLAYED","NOT_DISPLAYED","540","195","225","NOT_DISPLAYED","120","NOT_DISPLAYED","60","180","NOT_DISPLAYED",,
"bvsd-79542","2025-10-22 10:15:13","[0,1,17,2,3,5,6,9,10,13]","[Sleep, Meals/Eating, Social Media, School, Homework, Grooming, Travel/Commuting, Videogames, Sports, Socializing]","NOT_DISPLAYED","NOT_DISPLAYED","1","NOT_DISPLAYED","40","30","110","NOT_DISPLAYED","NOT_DISPLAYED","260","375","120","235","NOT_DISPLAYED","120","NOT_DISPLAYED","70","80","NOT_DISPLAYED",,
"bvsd-61449","2025-10-22 09:54:32","[0,1,17,2,3,5,6,8,12,13,15]","[Sleep, Meals/Eating, Social Media, School, Homework, Grooming, Travel/Commuting, Television, Communicating, Socializing, Purchasing]","NOT_DISPLAYED","80","1","NOT_DISPLAYED","50","40","110","20","NOT_DISPLAYED","220","480","230","60","NOT_DISPLAYED","NOT_DISPLAYED","90","60","NOT_DISPLAYED","NOT_DISPLAYED","38.90637001302303","-94.65315946077088"
"bvsd-36323","2025-10-21 11:30:01","[0,1,17,3,5,6,8,12,13]","[Sleep, Meals/Eating, Social Media, Homework, Grooming, Travel/Commuting, Television, Communicating, Socializing]","NOT_DISPLAYED","25","3","NOT_DISPLAYED","100","25","110","NOT_DISPLAYED","NOT_DISPLAYED","NOT_DISPLAYED","515","290","250","NOT_DISPLAYED","NOT_DISPLAYED","100","25","NOT_DISPLAYED","NOT_DISPLAYED",,
"bvsd-04643","2025-10-21 11:26:43","[0,1,17,2,3,4,5,6,8,9]","[Sleep, Meals/Eating, Social Media, School, Homework, Work, Grooming, Travel/Commuting, Television, Videogames]","NOT_DISPLAYED","NOT_DISPLAYED","5","NOT_DISPLAYED","20","30","80","NOT_DISPLAYED","NOT_DISPLAYED","400","370","100","NOT_DISPLAYED","NOT_DISPLAYED","NOT_DISPLAYED","120","30","50","240","38.909124761768226","-94.65946939015666"
"bvsd-04643","2025-10-21 11:24:11","[0,1,17,5,6,7,8,9,13]","[Sleep, Meals/Eating, Social Media, Grooming, Travel/Commuting, Chores, Television, Videogames, Socializing]","20","NOT_DISPLAYED","2","NOT_DISPLAYED","50","NOT_DISPLAYED","100","NOT_DISPLAYED","NOT_DISPLAYED","NOT_DISPLAYED","540","280","200","NOT_DISPLAYED","NOT_DISPLAYED","90","130","30","NOT_DISPLAYED","38.908695965006046","-94.65815964163471"
"bvsd-04643","2025-10-21 11:22:54","[0,1,17,2,3,5,6,8,9,10]","[Sleep, Meals/Eating, Social Media, School, Homework, Grooming, Travel/Commuting, Television, Videogames, Sports]","NOT_DISPLAYED","NOT_DISPLAYED","1","NOT_DISPLAYED","50","65","77","NOT_DISPLAYED","NOT_DISPLAYED","380","375","115","NOT_DISPLAYED","NOT_DISPLAYED","60","118","40","160","NOT_DISPLAYED","38.911597487832374","-94.65675797070841"
"bvsd-47826","2025-10-21 11:18:56","[0,1,17,3,5,8,9]","[Sleep, Meals/Eating, Social Media, Homework, Grooming, Television, Videogames]","NOT_DISPLAYED","NOT_DISPLAYED","2","NOT_DISPLAYED","60","30","50","NOT_DISPLAYED","NOT_DISPLAYED","NOT_DISPLAYED","750","10","NOT_DISPLAYED","NOT_DISPLAYED","NOT_DISPLAYED","410","NOT_DISPLAYED","130","NOT_DISPLAYED","38.8979884498789","-94.65800651903437"
"bvsd-90348","2025-10-21 11:17:57","[0,1,17,2,5,6,7,9,11,13,14]","[Sleep, Meals/Eating, Social Media, School, Grooming, Travel/Commuting, Chores, Videogames, Reading, Socializing, Spiritual]","15","NOT_DISPLAYED","1","NOT_DISPLAYED","60","NOT_DISPLAYED","90","NOT_DISPLAYED","20","480","540","35","60","35","NOT_DISPLAYED","NOT_DISPLAYED","15","90","NOT_DISPLAYED","38.91151865262684","-94.65818403506931"
"bvsd-47826","2025-10-21 11:17:00","[0,1,2,3,5,6,8,9,10]","[Sleep, Meals/Eating, School, Homework, Grooming, Travel/Commuting, Television, Videogames, Sports]","NOT_DISPLAYED","NOT_DISPLAYED","5","NOT_DISPLAYED","40","70","40","NOT_DISPLAYED","NOT_DISPLAYED","330","520","NOT_DISPLAYED","NOT_DISPLAYED","NOT_DISPLAYED","180","140","60","60","NOT_DISPLAYED","38.91254455561015","-94.66038951599563"
"bvsd-60678","2025-10-21 11:15:58","[0,1,2,3,5,6,7,8,11,12,13,15,16,17]","[Sleep, Meals/Eating, School, Homework, Grooming, Travel/Commuting, Chores, Television, Reading, Communicating, Socializing, Purchasing, Extracurricular, Social Media]","10","40","5","10","40","150","55","10","30","370","440","45","135","NOT_DISPLAYED","NOT_DISPLAYED","80","25","NOT_DISPLAYED","NOT_DISPLAYED",,
"bvsd-47826","2025-10-21 11:15:17","[0,1,17,2,3,5,6,7,8,9,10,13]","[Sleep, Meals/Eating, Social Media, School, Homework, Grooming, Travel/Commuting, Chores, Television, Videogames, Sports, Socializing]","30","NOT_DISPLAYED","4","NOT_DISPLAYED","50","40","60","NOT_DISPLAYED","NOT_DISPLAYED","210","470","15","205","NOT_DISPLAYED","215","40","55","50","NOT_DISPLAYED","38.911383644627634","-94.66526054382058"
"bvsd-60678","2025-10-21 11:13:31","[0,16,1,17,2,3,5,6,7,8,12,13]","[Sleep, Extracurricular, Meals/Eating, Social Media, School, Homework, Grooming, Travel/Commuting, Chores, Television, Communicating, Socializing]","5","40","4","180","40","60","35","NOT_DISPLAYED","NOT_DISPLAYED","380","430","60","70","NOT_DISPLAYED","NOT_DISPLAYED","60","80","NOT_DISPLAYED","NOT_DISPLAYED",,
"bvsd-47826","2025-10-21 11:13:22","[0,1,2,3,5,6,7,9,10,13]","[Sleep, Meals/Eating, School, Homework, Grooming, Travel/Commuting, Chores, Videogames, Sports, Socializing]","10","NOT_DISPLAYED","3","NOT_DISPLAYED","45","65","40","NOT_DISPLAYED","NOT_DISPLAYED","330","480","NOT_DISPLAYED","190","NOT_DISPLAYED","180","NOT_DISPLAYED","40","60","NOT_DISPLAYED","38.90988495160573","-94.66639081477706"
"bvsd-15535","2025-10-21 11:11:32","[0,1,17,5,6,12,13]","[Sleep, Meals/Eating, Social Media, Grooming, Travel/Commuting, Communicating, Socializing]","NOT_DISPLAYED","120","2","NOT_DISPLAYED","115","NOT_DISPLAYED","90","NOT_DISPLAYED","NOT_DISPLAYED","NOT_DISPLAYED","650","115","275","NOT_DISPLAYED","NOT_DISPLAYED","NOT_DISPLAYED","75","NOT_DISPLAYED","NOT_DISPLAYED",,
"bvsd-60678","2025-10-21 11:09:43","[0,1,2,3,5,6,7,8,10,12,13,15,16,17]","[Sleep, Meals/Eating, School, Homework, Grooming, Travel/Commuting, Chores, Television, Sports, Communicating, Socializing, Purchasing, Extracurricular, Social Media]","5","10","3","5","35","45","55","10","NOT_DISPLAYED","380","435","5","135","NOT_DISPLAYED","105","160","55","NOT_DISPLAYED","NOT_DISPLAYED",,
"bvsd-47826","2025-10-21 11:09:36","[0,1,2,5,6,9,10,13]","[Sleep, Meals/Eating, School, Grooming, Travel/Commuting, Videogames, Sports, Socializing]","NOT_DISPLAYED","NOT_DISPLAYED","1","NOT_DISPLAYED","35","NOT_DISPLAYED","43","NOT_DISPLAYED","NOT_DISPLAYED","330","360","NOT_DISPLAYED","90","NOT_DISPLAYED","450","NOT_DISPLAYED","42","90","NOT_DISPLAYED","38.90366534920554","-94.6554029787621"
"bvsd-15737","2025-10-21 11:08:02","[0,1,17,2,3,5,6,9,10,13,15]","[Sleep, Meals/Eating, Social Media, School, Homework, Grooming, Travel/Commuting, Videogames, Sports, Socializing, Purchasing]","NOT_DISPLAYED","NOT_DISPLAYED","1","NOT_DISPLAYED","22","26","70","13","NOT_DISPLAYED","375","397","76","150","NOT_DISPLAYED","195","NOT_DISPLAYED","103","13","NOT_DISPLAYED","38.90799326556463","-94.66633285592195"
"bvsd-46532","2025-10-21 11:07:42","[0,1,17,5,6,10,13]","[Sleep, Meals/Eating, Social Media, Grooming, Travel/Commuting, Sports, Socializing]","NOT_DISPLAYED","NOT_DISPLAYED","2","NOT_DISPLAYED","30","NOT_DISPLAYED","100","NOT_DISPLAYED","NOT_DISPLAYED","NOT_DISPLAYED","240","150","600","NOT_DISPLAYED","230","NOT_DISPLAYED","90","NOT_DISPLAYED","NOT_DISPLAYED",,
"bvsd-07108","2025-10-21 11:07:16","[0,1,17,5,6,8,10]","[Sleep, Meals/Eating, Social Media, Grooming, Travel/Commuting, Television, Sports]","NOT_DISPLAYED","NOT_DISPLAYED","4","NOT_DISPLAYED","10","NOT_DISPLAYED","100","NOT_DISPLAYED","NOT_DISPLAYED","NOT_DISPLAYED","600","50","NOT_DISPLAYED","NOT_DISPLAYED","180","460","40","NOT_DISPLAYED","NOT_DISPLAYED",,
"bvsd-60678","2025-10-21 11:06:38","[0,1,3,4,5,6,7,8,12,13,15,16,17]","[Sleep, Meals/Eating, Homework, Work, Grooming, Travel/Commuting, Chores, Television, Communicating, Socializing, Purchasing, Extracurricular, Social Media]","5","50","2","10","40","90","55","10","NOT_DISPLAYED","NOT_DISPLAYED","705","70","50","NOT_DISPLAYED","NOT_DISPLAYED","85","30","NOT_DISPLAYED","240",,
"bvsd-07108","2025-10-21 11:05:44","[0,1,5,6,7,10,13,15]","[Sleep, Meals/Eating, Grooming, Travel/Commuting, Chores, Sports, Socializing, Purchasing]","10","NOT_DISPLAYED","2","NOT_DISPLAYED","40","NOT_DISPLAYED","120","10","NOT_DISPLAYED","NOT_DISPLAYED","600","NOT_DISPLAYED","430","NOT_DISPLAYED","180","NOT_DISPLAYED","50","NOT_DISPLAYED","NOT_DISPLAYED",,
"bvsd-60678","2025-10-21 11:03:50","[0,1,2,3,5,6,7,8,10,12,13,15,17]","[Sleep, Meals/Eating, School, Homework, Grooming, Travel/Commuting, Chores, Television, Sports, Communicating, Socializing, Purchasing, Social Media]","10","15","1","NOT_DISPLAYED","40","30","65","5","NOT_DISPLAYED","300","520","25","25","NOT_DISPLAYED","285","80","40","NOT_DISPLAYED","NOT_DISPLAYED",,
"bvsd-14126","2025-10-21 11:02:31","[0,1,17,2,3,5,6,8,13,14,15]","[Sleep, Meals/Eating, Social Media, School, Homework, Grooming, Travel/Commuting, Television, Socializing, Spiritual, Purchasing]","NOT_DISPLAYED","NOT_DISPLAYED","2","NOT_DISPLAYED","55","60","75","20","NOT_DISPLAYED","420","540","90","50","5","NOT_DISPLAYED","60","65","NOT_DISPLAYED","NOT_DISPLAYED","38.90493136381098","-94.66530038652103"
"bvsd-03355","2025-10-21 10:58:48","[0,1,2,3,5,6,7,8,9,11,12,13,14,15,16,17]","[Sleep, Meals/Eating, School, Homework, Grooming, Travel/Commuting, Chores, Television, Videogames, Reading, Communicating, Socializing, Spiritual, Purchasing, Extracurricular, Social Media]","10","30","4","10","20","170","45","10","20","360","420","220","25","15","NOT_DISPLAYED","15","40","30","NOT_DISPLAYED","38.912461585870815","-94.65481328688023"
"bvsd-62093","2025-10-17 10:40:53","[0,1,2,3,5,6,7,8,9,10,12,13,15,16,17]","[Sleep, Meals/Eating, School, Homework, Grooming, Travel/Commuting, Chores, Television, Videogames, Sports, Communicating, Socializing, Purchasing, Extracurricular, Social Media]","20","50","5","5","45","50","95","15","NOT_DISPLAYED","220","510","90","50","NOT_DISPLAYED","140","55","45","50","NOT_DISPLAYED",,
"bvsd-78563","2025-10-17 00:15:01","[0,1,17,2,3,5,6,11,12,13,14]","[Sleep, Meals/Eating, Social Media, School, Homework, Grooming, Travel/Commuting, Reading, Communicating, Socializing, Spiritual]","NOT_DISPLAYED","90","5","NOT_DISPLAYED","130","160","55","NOT_DISPLAYED","60","420","300","108","76","26","NOT_DISPLAYED","NOT_DISPLAYED","15","NOT_DISPLAYED","NOT_DISPLAYED",,
"bvsd-78563","2025-10-17 00:09:55","[0,1,17,2,3,5,6,11,12,13,14]","[Sleep, Meals/Eating, Social Media, School, Homework, Grooming, Travel/Commuting, Reading, Communicating, Socializing, Spiritual]","NOT_DISPLAYED","55","4","NOT_DISPLAYED","55","170","45","NOT_DISPLAYED","30","420","480","70","50","10","NOT_DISPLAYED","NOT_DISPLAYED","55","NOT_DISPLAYED","NOT_DISPLAYED",,
"bvsd-78563","2025-10-17 00:06:24","[0,16,1,17,2,3,5,6,12,13]","[Sleep, Extracurricular, Meals/Eating, Social Media, School, Homework, Grooming, Travel/Commuting, Communicating, Socializing]","NOT_DISPLAYED","50","3","200","55","40","65","NOT_DISPLAYED","NOT_DISPLAYED","420","480","35","50","NOT_DISPLAYED","NOT_DISPLAYED","NOT_DISPLAYED","45","NOT_DISPLAYED","NOT_DISPLAYED",,
"bvsd-78563","2025-10-17 00:04:31","[0,1,17,2,3,5,6,8,12,13]","[Sleep, Meals/Eating, Social Media, School, Homework, Grooming, Travel/Commuting, Television, Communicating, Socializing]","NOT_DISPLAYED","150","2","NOT_DISPLAYED","15","110","45","NOT_DISPLAYED","NOT_DISPLAYED","420","480","75","70","NOT_DISPLAYED","NOT_DISPLAYED","30","45","NOT_DISPLAYED","NOT_DISPLAYED",,
"bvsd-78563","2025-10-17 00:01:35","[0,1,17,2,3,5,6,8,12,13]","[Sleep, Meals/Eating, Social Media, School, Homework, Grooming, Travel/Commuting, Television, Communicating, Socializing]","NOT_DISPLAYED","160","1","NOT_DISPLAYED","70","200","30","NOT_DISPLAYED","NOT_DISPLAYED","420","300","95","65","NOT_DISPLAYED","NOT_DISPLAYED","40","60","NOT_DISPLAYED","NOT_DISPLAYED",,
"bvsd-46532","2025-10-16 19:42:52","[0,1,17,2,5,6,10,13]","[Sleep, Meals/Eating, Social Media, School, Grooming, Travel/Commuting, Sports, Socializing]","NOT_DISPLAYED","NOT_DISPLAYED","5","NOT_DISPLAYED","30","NOT_DISPLAYED","45","NOT_DISPLAYED","NOT_DISPLAYED","300","465","280","170","NOT_DISPLAYED","120","NOT_DISPLAYED","30","NOT_DISPLAYED","NOT_DISPLAYED",,
"bvsd-46532","2025-10-16 19:41:14","[0,1,17,2,3,4,5,6,13]","[Sleep, Meals/Eating, Social Media, School, Homework, Work, Grooming, Travel/Commuting, Socializing]","NOT_DISPLAYED","NOT_DISPLAYED","4","NOT_DISPLAYED","30","40","50","NOT_DISPLAYED","NOT_DISPLAYED","300","420","140","130","NOT_DISPLAYED","NOT_DISPLAYED","NOT_DISPLAYED","60","NOT_DISPLAYED","270",,
"bvsd-43680","2025-10-16 10:39:04","[0,1,2,3,4,5,6,7,8,11,12,13,17]","[Sleep, Meals/Eating, School, Homework, Work, Grooming, Travel/Commuting, Chores, Television, Reading, Communicating, Socializing, Social Media]","5","12","5","NOT_DISPLAYED","46","30","62","NOT_DISPLAYED","10","385","418","54","120","NOT_DISPLAYED","NOT_DISPLAYED","20","43","NOT_DISPLAYED","235",,
"bvsd-03355","2025-10-16 10:38:04","[0,1,2,3,5,6,7,8,11,12,13,14,15,16,17]","[Sleep, Meals/Eating, School, Homework, Grooming, Travel/Commuting, Chores, Television, Reading, Communicating, Socializing, Spiritual, Purchasing, Extracurricular, Social Media]","5","30","5","5","25","170","40","20","15","360","440","225","30","15","NOT_DISPLAYED","5","55","NOT_DISPLAYED","NOT_DISPLAYED","38.90710914092497","-94.65581156386301"
"bvsd-43680","2025-10-16 10:37:05","[0,1,17,2,3,5,6,7,8,10,12,13]","[Sleep, Meals/Eating, Social Media, School, Homework, Grooming, Travel/Commuting, Chores, Television, Sports, Communicating, Socializing]","5","12","4","NOT_DISPLAYED","63","10","40","NOT_DISPLAYED","NOT_DISPLAYED","455","472","76","30","NOT_DISPLAYED","85","115","77","NOT_DISPLAYED","NOT_DISPLAYED",,
"bvsd-46532","2025-10-16 10:35:46","[0,1,5,10,13]","[Sleep, Meals/Eating, Grooming, Sports, Socializing]","NOT_DISPLAYED","NOT_DISPLAYED","3","NOT_DISPLAYED","50","NOT_DISPLAYED","60","NOT_DISPLAYED","NOT_DISPLAYED","NOT_DISPLAYED","480","NOT_DISPLAYED","580","NOT_DISPLAYED","270","NOT_DISPLAYED","NOT_DISPLAYED","NOT_DISPLAYED","NOT_DISPLAYED",,
"bvsd-36323","2025-10-16 10:34:42","[0,1,17,2,3,5,6,8,12,13,15]","[Sleep, Meals/Eating, Social Media, School, Homework, Grooming, Travel/Commuting, Television, Communicating, Socializing, Purchasing]","NOT_DISPLAYED","25","5","NOT_DISPLAYED","95","35","55","25","NOT_DISPLAYED","310","550","235","65","NOT_DISPLAYED","NOT_DISPLAYED","10","35","NOT_DISPLAYED","NOT_DISPLAYED",,
"bvsd-15737","2025-10-16 10:34:28","[0,1,17,2,3,5,6,10]","[Sleep, Meals/Eating, Social Media, School, Homework, Grooming, Travel/Commuting, Sports]","NOT_DISPLAYED","NOT_DISPLAYED","5","NOT_DISPLAYED","15","10","70","NOT_DISPLAYED","NOT_DISPLAYED","455","525","35","NOT_DISPLAYED","NOT_DISPLAYED","250","NOT_DISPLAYED","80","NOT_DISPLAYED","NOT_DISPLAYED","38.90347790937537","-94.66273883700383"
"bvsd-43680","2025-10-16 10:33:37","[0,1,17,3,4,5,6,7,8,11,12,13]","[Sleep, Meals/Eating, Social Media, Homework, Work, Grooming, Travel/Commuting, Chores, Television, Reading, Communicating, Socializing]","60","74","3","NOT_DISPLAYED","35","194","41","NOT_DISPLAYED","0","NOT_DISPLAYED","475","199","75","NOT_DISPLAYED","NOT_DISPLAYED","81","16","NOT_DISPLAYED","190",,
"bvsd-46532","2025-10-16 10:33:34","[0,1,17,2,4,5,13]","[Sleep, Meals/Eating, Social Media, School, Work, Grooming, Socializing]","NOT_DISPLAYED","NOT_DISPLAYED","1","NOT_DISPLAYED","20","NOT_DISPLAYED","60","NOT_DISPLAYED","NOT_DISPLAYED","300","375","135","280","NOT_DISPLAYED","NOT_DISPLAYED","NOT_DISPLAYED","NOT_DISPLAYED","NOT_DISPLAYED","270",,
"bvsd-15737","2025-10-16 10:33:22","[0,1,17,3,5,6,8,13]","[Sleep, Meals/Eating, Social Media, Homework, Grooming, Travel/Commuting, Television, Socializing]","NOT_DISPLAYED","NOT_DISPLAYED","4","NOT_DISPLAYED","10","60","40","NOT_DISPLAYED","NOT_DISPLAYED","NOT_DISPLAYED","810","170","45","NOT_DISPLAYED","NOT_DISPLAYED","285","20","NOT_DISPLAYED","NOT_DISPLAYED","38.914425342441575","-94.66223909316116"
"bvsd-07108","2025-10-16 10:33:05","[0,16,1,17,2,3,5,6,9,10]","[Sleep, Extracurricular, Meals/Eating, Social Media, School, Homework, Grooming, Travel/Commuting, Videogames, Sports]","NOT_DISPLAYED","NOT_DISPLAYED","5","60","20","60","80","NOT_DISPLAYED","NOT_DISPLAYED","240","620","90","NOT_DISPLAYED","NOT_DISPLAYED","60","NOT_DISPLAYED","30","180","NOT_DISPLAYED",,
"bvsd-04643","2025-10-16 10:32:28","[0,1,17,2,4,5,6,8,13]","[Sleep, Meals/Eating, Social Media, School, Work, Grooming, Travel/Commuting, Television, Socializing]","NOT_DISPLAYED","NOT_DISPLAYED","4","NOT_DISPLAYED","40","NOT_DISPLAYED","60","NOT_DISPLAYED","NOT_DISPLAYED","400","345","110","30","NOT_DISPLAYED","NOT_DISPLAYED","238","37","NOT_DISPLAYED","180","38.90442220754356","-94.65905370917609"
"bvsd-62093","2025-10-16 10:32:25","[0,1,2,3,5,6,7,8,9,10,11,12,13,15,16,17]","[Sleep, Meals/Eating, School, Homework, Grooming, Travel/Commuting, Chores, Television, Videogames, Sports, Reading, Communicating, Socializing, Purchasing, Extracurricular, Social Media]","25","20","4","10","70","60","70","15","15","215","480","65","60","NOT_DISPLAYED","75","135","55","70","NOT_DISPLAYED",,
"bvsd-15737","2025-10-16 10:32:19","[0,1,17,5,6,8,10,12,13]","[Sleep, Meals/Eating, Social Media, Grooming, Travel/Commuting, Television, Sports, Communicating, Socializing]","NOT_DISPLAYED","25","3","NOT_DISPLAYED","45","NOT_DISPLAYED","120","NOT_DISPLAYED","NOT_DISPLAYED","NOT_DISPLAYED","195","130","415","NOT_DISPLAYED","170","180","160","NOT_DISPLAYED","NOT_DISPLAYED","38.89923553875936","-94.66837528941491"
"bvsd-44934","2025-10-16 10:31:50","[0,1,17,2,3,5,6,8,9,10,12,13]","[Sleep, Meals/Eating, Social Media, School, Homework, Grooming, Travel/Commuting, Television, Videogames, Sports, Communicating, Socializing]","NOT_DISPLAYED","20","5","NOT_DISPLAYED","10","40","50","NOT_DISPLAYED","NOT_DISPLAYED","420","435","180","80","NOT_DISPLAYED","120","25","30","30","NOT_DISPLAYED","38.90575248696798","-94.66329841175403"
"bvsd-22662","2025-10-16 10:31:49","[0,1,17,2,5,6,9,10,13]","[Sleep, Meals/Eating, Social Media, School, Grooming, Travel/Commuting, Videogames, Sports, Socializing]","NOT_DISPLAYED","NOT_DISPLAYED","5","NOT_DISPLAYED","60","NOT_DISPLAYED","80","NOT_DISPLAYED","NOT_DISPLAYED","360","500","190","60","NOT_DISPLAYED","150","NOT_DISPLAYED","20","20","NOT_DISPLAYED","38.900616812045776","-94.66121199135709"
"bvsd-22662","2025-10-16 10:31:00","[0,1,17,4,5,6,8,10,13]","[Sleep, Meals/Eating, Social Media, Work, Grooming, Travel/Commuting, Television, Sports, Socializing]","NOT_DISPLAYED","NOT_DISPLAYED","3","NOT_DISPLAYED","30","NOT_DISPLAYED","60","NOT_DISPLAYED","NOT_DISPLAYED","NOT_DISPLAYED","510","240","130","NOT_DISPLAYED","90","180","20","NOT_DISPLAYED","180","38.90469298166788","-94.6582751087239"
"bvsd-43680","2025-10-16 10:30:59","[0,16,1,17,3,5,6,7,8,12,13,15]","[Sleep, Extracurricular, Meals/Eating, Social Media, Homework, Grooming, Travel/Commuting, Chores, Television, Communicating, Socializing, Purchasing]","18","11","2","485","83","15","39","20","NOT_DISPLAYED","NOT_DISPLAYED","485","76","56","NOT_DISPLAYED","NOT_DISPLAYED","43","109","NOT_DISPLAYED","NOT_DISPLAYED",,
"bvsd-59352","2025-10-16 10:30:45","[0,1,17,3,5,6,7,12,13,15]","[Sleep, Meals/Eating, Social Media, Homework, Grooming, Travel/Commuting, Chores, Communicating, Socializing, Purchasing]","30","110","2","NOT_DISPLAYED","40","60","100","30","NOT_DISPLAYED","NOT_DISPLAYED","600","160","220","NOT_DISPLAYED","NOT_DISPLAYED","NOT_DISPLAYED","90","NOT_DISPLAYED","NOT_DISPLAYED",,
"bvsd-15737","2025-10-16 10:30:18","[0,1,17,3,5,6,9,13]","[Sleep, Meals/Eating, Social Media, Homework, Grooming, Travel/Commuting, Videogames, Socializing]","NOT_DISPLAYED","NOT_DISPLAYED","2","NOT_DISPLAYED","20","25","50","NOT_DISPLAYED","NOT_DISPLAYED","NOT_DISPLAYED","600","115","525","NOT_DISPLAYED","NOT_DISPLAYED","NOT_DISPLAYED","90","15","NOT_DISPLAYED","38.90053461722514","-94.6605546282103"
"bvsd-03355","2025-10-16 10:30:13","[0,1,2,3,5,6,7,8,9,11,12,13,14,15,17]","[Sleep, Meals/Eating, School, Homework, Grooming, Travel/Commuting, Chores, Television, Videogames, Reading, Communicating, Socializing, Spiritual, Purchasing, Social Media]","10","40","3","NOT_DISPLAYED","25","120","50","25","20","360","420","220","20","65","NOT_DISPLAYED","15","35","15","NOT_DISPLAYED","38.9179865004897","-94.65431410395566"
"bvsd-44934","2025-10-16 10:30:10","[0,1,17,2,3,5,6,9,10,12,13]","[Sleep, Meals/Eating, Social Media, School, Homework, Grooming, Travel/Commuting, Videogames, Sports, Communicating, Socializing]","NOT_DISPLAYED","35","4","NOT_DISPLAYED","25","55","40","NOT_DISPLAYED","NOT_DISPLAYED","420","435","165","100","NOT_DISPLAYED","120","NOT_DISPLAYED","30","15","NOT_DISPLAYED","38.90701912614412","-94.66098252223303"
"bvsd-51226","2025-10-16 10:30:07","[0,1,17,2,3,5,6,9,10]","[Sleep, Meals/Eating, Social Media, School, Homework, Grooming, Travel/Commuting, Videogames, Sports]","NOT_DISPLAYED","NOT_DISPLAYED","5","NOT_DISPLAYED","60","130","50","NOT_DISPLAYED","NOT_DISPLAYED","340","560","60","NOT_DISPLAYED","NOT_DISPLAYED","210","NOT_DISPLAYED","10","20","NOT_DISPLAYED","38.90412589435334","-94.65209484574281"
"bvsd-90348","2025-10-16 10:29:46","[0,1,17,2,5,6,7,9,11,13,14]","[Sleep, Meals/Eating, Social Media, School, Grooming, Travel/Commuting, Chores, Videogames, Reading, Socializing, Spiritual]","15","NOT_DISPLAYED","5","NOT_DISPLAYED","60","NOT_DISPLAYED","90","NOT_DISPLAYED","20","480","540","35","60","35","NOT_DISPLAYED","NOT_DISPLAYED","15","90","NOT_DISPLAYED","38.90197967140221","-94.65913991025525"
"bvsd-96061","2025-10-16 10:29:35","[0,1,17,2,3,5,6,8,9,10,13]","[Sleep, Meals/Eating, Social Media, School, Homework, Grooming, Travel/Commuting, Television, Videogames, Sports, Socializing]","NOT_DISPLAYED","NOT_DISPLAYED","5","NOT_DISPLAYED","40","30","45","NOT_DISPLAYED","NOT_DISPLAYED","220","465","130","50","NOT_DISPLAYED","220","60","30","150","NOT_DISPLAYED","38.91188516189857","-94.65778208815269"
"bvsd-62093","2025-10-16 10:29:28","[0,1,17,3,5,6,7,8,9,13]","[Sleep, Meals/Eating, Social Media, Homework, Grooming, Travel/Commuting, Chores, Television, Videogames, Socializing]","15","NOT_DISPLAYED","3","NOT_DISPLAYED","55","60","120","NOT_DISPLAYED","NOT_DISPLAYED","NOT_DISPLAYED","840","60","55","NOT_DISPLAYED","NOT_DISPLAYED","90","75","70","NOT_DISPLAYED",,
"bvsd-33516","2025-10-16 10:29:22","[0,1,17,2,3,5,6,7,9,11,13,14]","[Sleep, Meals/Eating, Social Media, School, Homework, Grooming, Travel/Commuting, Chores, Videogames, Reading, Socializing, Spiritual]","18","NOT_DISPLAYED","5","NOT_DISPLAYED","55","130","30","NOT_DISPLAYED","65","480","480","8","24","10","NOT_DISPLAYED","NOT_DISPLAYED","20","120","NOT_DISPLAYED","38.898552444785985","-94.65412073589677"
"bvsd-14126","2025-10-16 10:29:13","[0,1,17,3,5,7,8,12,13,14,15]","[Sleep, Meals/Eating, Social Media, Homework, Grooming, Chores, Television, Communicating, Socializing, Spiritual, Purchasing]","30","30","5","NOT_DISPLAYED","30","115","85","20","NOT_DISPLAYED","NOT_DISPLAYED","840","145","40","60","NOT_DISPLAYED","45","NOT_DISPLAYED","NOT_DISPLAYED","NOT_DISPLAYED","38.90188757450575","-94.6632267355541"
"bvsd-07108","2025-10-16 10:29:09","[0,1,3,5,6,7,8,13]","[Sleep, Meals/Eating, Homework, Grooming, Travel/Commuting, Chores, Television, Socializing]","20","NOT_DISPLAYED","3","NOT_DISPLAYED","20","20","80","NOT_DISPLAYED","NOT_DISPLAYED","NOT_DISPLAYED","600","NOT_DISPLAYED","360","NOT_DISPLAYED","NOT_DISPLAYED","300","40","NOT_DISPLAYED","NOT_DISPLAYED",,
"bvsd-15535","2025-10-16 10:28:47","[0,1,17,2,3,5,6,7,12]","[Sleep, Meals/Eating, Social Media, School, Homework, Grooming, Travel/Commuting, Chores, Communicating]","50","115","5","NOT_DISPLAYED","135","35","60","NOT_DISPLAYED","NOT_DISPLAYED","360","555","80","NOT_DISPLAYED","NOT_DISPLAYED","NOT_DISPLAYED","NOT_DISPLAYED","50","NOT_DISPLAYED","NOT_DISPLAYED","38.90304404718476","-94.66046079762415"
"bvsd-55063","2025-10-16 10:28:38","[0,1,17,2,3,5,6,7,13,15]","[Sleep, Meals/Eating, Social Media, School, Homework, Grooming, Travel/Commuting, Chores, Socializing, Purchasing]","10","NOT_DISPLAYED","5","NOT_DISPLAYED","60","295","35","40","NOT_DISPLAYED","370","460","45","50","NOT_DISPLAYED","NOT_DISPLAYED","NOT_DISPLAYED","75","NOT_DISPLAYED","NOT_DISPLAYED","38.909234515492685","-94.6566995215384"
"bvsd-90348","2025-10-16 10:28:32","[0,1,17,3,5,6,7,9,11,13,14]","[Sleep, Meals/Eating, Social Media, Homework, Grooming, Travel/Commuting, Chores, Videogames, Reading, Socializing, Spiritual]","75","NOT_DISPLAYED","4","NOT_DISPLAYED","75","60","150","NOT_DISPLAYED","15","NOT_DISPLAYED","570","165","120","90","NOT_DISPLAYED","NOT_DISPLAYED","30","90","NOT_DISPLAYED","38.90630323532746","-94.64903749060441"
"bvsd-62093","2025-10-16 10:28:13","[0,1,2,3,5,6,7,8,9,10,11,12,13,14,15,16,17]","[Sleep, Meals/Eating, School, Homework, Grooming, Travel/Commuting, Chores, Television, Videogames, Sports, Reading, Communicating, Socializing, Spiritual, Purchasing, Extracurricular, Social Media]","5","55","2","5","60","45","105","10","15","200","345","85","105","10","230","15","70","80","NOT_DISPLAYED",,
"bvsd-96061","2025-10-16 10:28:06","[0,1,17,2,3,5,6,8,9,10]","[Sleep, Meals/Eating, Social Media, School, Homework, Grooming, Travel/Commuting, Television, Videogames, Sports]","NOT_DISPLAYED","NOT_DISPLAYED","4","NOT_DISPLAYED","40","20","50","NOT_DISPLAYED","NOT_DISPLAYED","330","480","120","NOT_DISPLAYED","NOT_DISPLAYED","150","50","40","160","NOT_DISPLAYED","38.90378850809259","-94.66303557585778"
"bvsd-36323","2025-10-16 10:28:03","[0,1,17,2,3,5,6,7,10,12,13,15]","[Sleep, Meals/Eating, Social Media, School, Homework, Grooming, Travel/Commuting, Chores, Sports, Communicating, Socializing, Purchasing]","25","30","4","NOT_DISPLAYED","80","75","75","10","NOT_DISPLAYED","340","410","160","115","NOT_DISPLAYED","60","NOT_DISPLAYED","60","NOT_DISPLAYED","NOT_DISPLAYED",,
"bvsd-51226","2025-10-16 10:27:58","[0,1,17,2,3,4,5,8,9,10,13]","[Sleep, Meals/Eating, Social Media, School, Homework, Work, Grooming, Television, Videogames, Sports, Socializing]","NOT_DISPLAYED","NOT_DISPLAYED","4","NOT_DISPLAYED","60","60","10","NOT_DISPLAYED","NOT_DISPLAYED","200","420","120","40","NOT_DISPLAYED","120","50","NOT_DISPLAYED","120","240","38.91000115972032","-94.65732500259121"
"bvsd-44934","2025-10-16 10:27:44","[0,1,17,4,5,6,8,9,13]","[Sleep, Meals/Eating, Social Media, Work, Grooming, Travel/Commuting, Television, Videogames, Socializing]","NOT_DISPLAYED","NOT_DISPLAYED","3","NOT_DISPLAYED","15","NOT_DISPLAYED","40","NOT_DISPLAYED","NOT_DISPLAYED","NOT_DISPLAYED","660","110","25","NOT_DISPLAYED","NOT_DISPLAYED","145","25","30","390","38.90590684219497","-94.66066806346936"
"bvsd-33516","2025-10-16 10:27:34","[0,1,2,3,5,6,7,9,11,13,14]","[Sleep, Meals/Eating, School, Homework, Grooming, Travel/Commuting, Chores, Videogames, Reading, Socializing, Spiritual]","15","NOT_DISPLAYED","4","NOT_DISPLAYED","75","140","40","NOT_DISPLAYED","15","480","480","NOT_DISPLAYED","15","30","NOT_DISPLAYED","NOT_DISPLAYED","30","120","NOT_DISPLAYED","38.90684770748039","-94.66754691747965"
"bvsd-43680","2025-10-16 10:27:34","[0,1,17,2,3,4,5,6,8,11,12,13]","[Sleep, Meals/Eating, Social Media, School, Homework, Work, Grooming, Travel/Commuting, Television, Reading, Communicating, Socializing]","NOT_DISPLAYED","19","1","NOT_DISPLAYED","51","33","55","NOT_DISPLAYED","10","385","484","43","17","NOT_DISPLAYED","NOT_DISPLAYED","88","43","NOT_DISPLAYED","212",,
"bvsd-90348","2025-10-16 10:27:23","[0,1,17,3,5,7,9,10,11,12,13,14]","[Sleep, Meals/Eating, Social Media, Homework, Grooming, Chores, Videogames, Sports, Reading, Communicating, Socializing, Spiritual]","60","15","3","NOT_DISPLAYED","60","60","150","NOT_DISPLAYED","35","NOT_DISPLAYED","630","160","90","60","30","NOT_DISPLAYED","NOT_DISPLAYED","90","NOT_DISPLAYED","38.91466875909056","-94.65289288199041"
"bvsd-22662","2025-10-16 10:27:21","[0,1,17,2,5,9,10]","[Sleep, Meals/Eating, Social Media, School, Grooming, Videogames, Sports]","NOT_DISPLAYED","NOT_DISPLAYED","4","NOT_DISPLAYED","60","NOT_DISPLAYED","60","NOT_DISPLAYED","NOT_DISPLAYED","330","510","180","NOT_DISPLAYED","NOT_DISPLAYED","210","NOT_DISPLAYED","NOT_DISPLAYED","90","NOT_DISPLAYED","38.899009062137374","-94.6560442678151"
"bvsd-14126","2025-10-16 10:27:13","[0,1,17,3,5,6,8,11,12,13]","[Sleep, Meals/Eating, Social Media, Homework, Grooming, Travel/Commuting, Television, Reading, Communicating, Socializing]","NOT_DISPLAYED","55","4","NOT_DISPLAYED","50","30","75","NOT_DISPLAYED","40","NOT_DISPLAYED","765","110","130","NOT_DISPLAYED","NOT_DISPLAYED","85","100","NOT_DISPLAYED","NOT_DISPLAYED","38.91112706644276","-94.65240603948375"
"bvsd-15535","2025-10-16 10:27:12","[0,1,17,2,3,5,6,7,12,13]","[Sleep, Meals/Eating, Social Media, School, Homework, Grooming, Travel/Commuting, Chores, Communicating, Socializing]","50","45","4","NOT_DISPLAYED","75","75","50","NOT_DISPLAYED","NOT_DISPLAYED","420","530","30","120","NOT_DISPLAYED","NOT_DISPLAYED","NOT_DISPLAYED","45","NOT_DISPLAYED","NOT_DISPLAYED","38.911083739730664","-94.6566425271797"
"bvsd-55063","2025-10-16 10:26:36","[0,1,17,2,3,5,6,7,10,12,13,14]","[Sleep, Meals/Eating, Social Media, School, Homework, Grooming, Travel/Commuting, Chores, Sports, Communicating, Socializing, Spiritual]","35","10","4","NOT_DISPLAYED","75","30","40","NOT_DISPLAYED","NOT_DISPLAYED","420","505","65","130","10","70","NOT_DISPLAYED","50","NOT_DISPLAYED","NOT_DISPLAYED","38.91019287741597","-94.66233302119839"
"bvsd-96061","2025-10-16 10:26:36","[0,1,17,3,5,6,8,9,13]","[Sleep, Meals/Eating, Social Media, Homework, Grooming, Travel/Commuting, Television, Videogames, Socializing]","NOT_DISPLAYED","NOT_DISPLAYED","3","NOT_DISPLAYED","20","30","80","NOT_DISPLAYED","NOT_DISPLAYED","NOT_DISPLAYED","540","180","120","NOT_DISPLAYED","NOT_DISPLAYED","270","50","150","NOT_DISPLAYED","38.90476943966392","-94.66143138993992"
"bvsd-62093","2025-10-16 10:26:26","[0,1,2,3,5,6,7,8,9,10,11,12,13,16,17]","[Sleep, Meals/Eating, School, Homework, Grooming, Travel/Commuting, Chores, Television, Videogames, Sports, Reading, Communicating, Socializing, Extracurricular, Social Media]","10","60","1","20","65","50","80","NOT_DISPLAYED","5","240","465","60","65","NOT_DISPLAYED","160","60","30","70","NOT_DISPLAYED",,
"bvsd-15535","2025-10-16 10:26:06","[0,1,17,3,4,5,6,12,13]","[Sleep, Meals/Eating, Social Media, Homework, Work, Grooming, Travel/Commuting, Communicating, Socializing]","NOT_DISPLAYED","60","3","NOT_DISPLAYED","120","35","45","NOT_DISPLAYED","NOT_DISPLAYED","NOT_DISPLAYED","715","45","120","NOT_DISPLAYED","NOT_DISPLAYED","NOT_DISPLAYED","65","NOT_DISPLAYED","235","38.90903608246902","-94.66233582101108"
"bvsd-44934","2025-10-16 10:25:50","[0,1,17,2,5,6,8,9,12,13,15]","[Sleep, Meals/Eating, Social Media, School, Grooming, Travel/Commuting, Television, Videogames, Communicating, Socializing, Purchasing]","NOT_DISPLAYED","50","2","NOT_DISPLAYED","25","NOT_DISPLAYED","60","10","NOT_DISPLAYED","420","375","265","105","NOT_DISPLAYED","NOT_DISPLAYED","50","55","25","NOT_DISPLAYED","38.89989267892867","-94.65363191433049"
"bvsd-90348","2025-10-16 10:25:50","[0,16,1,2,3,5,6,13,14]","[Sleep, Extracurricular, Meals/Eating, School, Homework, Grooming, Travel/Commuting, Socializing, Spiritual]","NOT_DISPLAYED","NOT_DISPLAYED","2","120","45","30","90","NOT_DISPLAYED","NOT_DISPLAYED","400","600","NOT_DISPLAYED","60","65","NOT_DISPLAYED","NOT_DISPLAYED","30","NOT_DISPLAYED","NOT_DISPLAYED","38.91090126602081","-94.64689761877945"
"bvsd-03355","2025-10-16 10:25:48","[0,1,3,4,5,6,7,8,9,11,12,13,14,15,17]","[Sleep, Meals/Eating, Homework, Work, Grooming, Travel/Commuting, Chores, Television, Videogames, Reading, Communicating, Socializing, Spiritual, Purchasing, Social Media]","20","35","2","NOT_DISPLAYED","20","40","30","25","5","NOT_DISPLAYED","420","340","50","15","NOT_DISPLAYED","130","50","60","200","38.90637389518312","-94.66168511844793"
"bvsd-98403","2025-10-16 10:25:46","[0,1,17,2,3,5,6,7,9,13]","[Sleep, Meals/Eating, Social Media, School, Homework, Grooming, Travel/Commuting, Chores, Videogames, Socializing]","50","NOT_DISPLAYED","5","NOT_DISPLAYED","60","80","50","NOT_DISPLAYED","NOT_DISPLAYED","400","555","100","80","NOT_DISPLAYED","NOT_DISPLAYED","NOT_DISPLAYED","55","10","NOT_DISPLAYED","38.898324119331576","-94.65747317913508"
"bvsd-33516","2025-10-16 10:25:44","[0,1,3,4,5,6,7,8,9,10,11,13,14,16,17]","[Sleep, Meals/Eating, Homework, Work, Grooming, Travel/Commuting, Chores, Television, Videogames, Sports, Reading, Socializing, Spiritual, Extracurricular, Social Media]","80","NOT_DISPLAYED","3","30","73","30","45","NOT_DISPLAYED","20","NOT_DISPLAYED","480","132","30","20","30","150","120","120","80","38.91301390774392","-94.66650691643605"
"bvsd-51226","2025-10-16 10:25:30","[0,1,17,5,8,9,10,13]","[Sleep, Meals/Eating, Social Media, Grooming, Television, Videogames, Sports, Socializing]","NOT_DISPLAYED","NOT_DISPLAYED","3","NOT_DISPLAYED","60","NOT_DISPLAYED","120","NOT_DISPLAYED","NOT_DISPLAYED","NOT_DISPLAYED","720","120","110","NOT_DISPLAYED","60","180","NOT_DISPLAYED","70","NOT_DISPLAYED","38.90677458124851","-94.64984093956747"
"bvsd-16908","2025-10-16 10:25:29","[0,16,1,17,5,6,8,10,12,13]","[Sleep, Extracurricular, Meals/Eating, Social Media, Grooming, Travel/Commuting, Television, Sports, Communicating, Socializing]","NOT_DISPLAYED","10","5","60","80","NOT_DISPLAYED","70","NOT_DISPLAYED","NOT_DISPLAYED","NOT_DISPLAYED","680","330","5","NOT_DISPLAYED","110","75","20","NOT_DISPLAYED","NOT_DISPLAYED",,
"bvsd-14126","2025-10-16 10:25:19","[0,1,17,2,3,5,6,8,13]","[Sleep, Meals/Eating, Social Media, School, Homework, Grooming, Travel/Commuting, Television, Socializing]","NOT_DISPLAYED","NOT_DISPLAYED","3","NOT_DISPLAYED","70","50","65","NOT_DISPLAYED","NOT_DISPLAYED","405","510","110","95","NOT_DISPLAYED","NOT_DISPLAYED","45","90","NOT_DISPLAYED","NOT_DISPLAYED","38.90925483347751","-94.66464677830933"
"bvsd-55063","2025-10-16 10:25:00","[0,1,17,3,5,6,7,8,9,11,13,14]","[Sleep, Meals/Eating, Social Media, Homework, Grooming, Travel/Commuting, Chores, Television, Videogames, Reading, Socializing, Spiritual]","10","NOT_DISPLAYED","3","NOT_DISPLAYED","45","10","30","NOT_DISPLAYED","65","NOT_DISPLAYED","865","70","130","20","NOT_DISPLAYED","20","5","170","NOT_DISPLAYED","38.91177055534569","-94.66053455982636"
"bvsd-98403","2025-10-16 10:24:45","[0,1,2,3,5,6,7,8,9,12,13,15,17]","[Sleep, Meals/Eating, School, Homework, Grooming, Travel/Commuting, Chores, Television, Videogames, Communicating, Socializing, Purchasing, Social Media]","30","10","4","NOT_DISPLAYED","60","60","50","5","NOT_DISPLAYED","430","415","160","35","NOT_DISPLAYED","NOT_DISPLAYED","120","35","30","NOT_DISPLAYED","38.91066836791496","-94.65361463598477"
"bvsd-96061","2025-10-16 10:24:38","[0,1,17,3,5,6,9,10,12,13]","[Sleep, Meals/Eating, Social Media, Homework, Grooming, Travel/Commuting, Videogames, Sports, Communicating, Socializing]","NOT_DISPLAYED","30","2","NOT_DISPLAYED","65","30","90","NOT_DISPLAYED","NOT_DISPLAYED","NOT_DISPLAYED","420","125","150","NOT_DISPLAYED","350","NOT_DISPLAYED","60","120","NOT_DISPLAYED","38.90707485824632","-94.65211239684994"
"bvsd-07108","2025-10-16 10:24:17","[0,1,17,2,3,5,6,9,10,12]","[Sleep, Meals/Eating, Social Media, School, Homework, Grooming, Travel/Commuting, Videogames, Sports, Communicating]","NOT_DISPLAYED","80","1","NOT_DISPLAYED","70","10","140","NOT_DISPLAYED","NOT_DISPLAYED","240","480","120","NOT_DISPLAYED","NOT_DISPLAYED","60","NOT_DISPLAYED","40","200","NOT_DISPLAYED",,
"bvsd-16908","2025-10-16 10:24:10","[0,1,17,5,6,10,13]","[Sleep, Meals/Eating, Social Media, Grooming, Travel/Commuting, Sports, Socializing]","NOT_DISPLAYED","NOT_DISPLAYED","4","NOT_DISPLAYED","90","NOT_DISPLAYED","60","NOT_DISPLAYED","NOT_DISPLAYED","NOT_DISPLAYED","550","525","75","NOT_DISPLAYED","100","NOT_DISPLAYED","40","NOT_DISPLAYED","NOT_DISPLAYED",,
"bvsd-51226","2025-10-16 10:23:43","[0,1,17,3,5,6,9,10,13]","[Sleep, Meals/Eating, Social Media, Homework, Grooming, Travel/Commuting, Videogames, Sports, Socializing]","NOT_DISPLAYED","NOT_DISPLAYED","2","NOT_DISPLAYED","60","60","90","NOT_DISPLAYED","NOT_DISPLAYED","NOT_DISPLAYED","580","120","140","NOT_DISPLAYED","180","NOT_DISPLAYED","60","150","NOT_DISPLAYED","38.904095196500755","-94.66238020950226"
"bvsd-44934","2025-10-16 10:23:33","[0,1,2,3,5,6,8,9,10,12,13,15,17]","[Sleep, Meals/Eating, School, Homework, Grooming, Travel/Commuting, Television, Videogames, Sports, Communicating, Socializing, Purchasing, Social Media]","NOT_DISPLAYED","5","1","NOT_DISPLAYED","25","20","40","21","NOT_DISPLAYED","420","465","159","100","NOT_DISPLAYED","70","27","43","45","NOT_DISPLAYED","38.91300490005516","-94.66327677856756"
"bvsd-98403","2025-10-16 10:23:20","[0,1,17,3,5,6,8,9,12,13]","[Sleep, Meals/Eating, Social Media, Homework, Grooming, Travel/Commuting, Television, Videogames, Communicating, Socializing]","NOT_DISPLAYED","10","3","NOT_DISPLAYED","40","20","30","NOT_DISPLAYED","NOT_DISPLAYED","NOT_DISPLAYED","540","150","370","NOT_DISPLAYED","NOT_DISPLAYED","180","50","50","NOT_DISPLAYED","38.91126520170733","-94.66458930422726"
"bvsd-33516","2025-10-16 10:23:19","[0,1,3,5,6,7,8,9,10,11,12,13,14,15,17]","[Sleep, Meals/Eating, Homework, Grooming, Travel/Commuting, Chores, Television, Videogames, Sports, Reading, Communicating, Socializing, Spiritual, Purchasing, Social Media]","35","17","2","NOT_DISPLAYED","53","60","55","15","23","NOT_DISPLAYED","480","12","50","85","60","180","135","180","NOT_DISPLAYED","38.90870515740236","-94.66502804611314"
"bvsd-03355","2025-10-16 10:23:12","[0,1,2,3,4,5,6,7,8,9,10,11,12,13,14,15,16,17]","[Sleep, Meals/Eating, School, Homework, Work, Grooming, Travel/Commuting, Chores, Television, Videogames, Sports, Reading, Communicating, Socializing, Spiritual, Purchasing, Extracurricular, Social Media]","5","25","1","0","20","140","30","0","20","375","420","155","20","15","0","5","30","0","180","38.91326091327852","-94.65549885037214"
"bvsd-22662","2025-10-16 10:23:12","[0,1,17,2,5,6,10,13]","[Sleep, Meals/Eating, Social Media, School, Grooming, Travel/Commuting, Sports, Socializing]","NOT_DISPLAYED","NOT_DISPLAYED","2","NOT_DISPLAYED","30","NOT_DISPLAYED","75","NOT_DISPLAYED","NOT_DISPLAYED","255","350","320","90","NOT_DISPLAYED","270","NOT_DISPLAYED","50","NOT_DISPLAYED","NOT_DISPLAYED","38.89428290948198","-94.66369360543608"
"bvsd-96061","2025-10-16 10:23:10","[0,1,17,2,3,5,6,8,9,10,13]","[Sleep, Meals/Eating, Social Media, School, Homework, Grooming, Travel/Commuting, Television, Videogames, Sports, Socializing]","NOT_DISPLAYED","NOT_DISPLAYED","1","NOT_DISPLAYED","55","20","85","NOT_DISPLAYED","NOT_DISPLAYED","220","495","140","80","NOT_DISPLAYED","180","20","30","115","NOT_DISPLAYED","38.894300211870515","-94.66128158706825"
"bvsd-55063","2025-10-16 10:23:04","[0,1,17,3,5,6,9,11,12,13,14]","[Sleep, Meals/Eating, Social Media, Homework, Grooming, Travel/Commuting, Videogames, Reading, Communicating, Socializing, Spiritual]","NOT_DISPLAYED","35","2","NOT_DISPLAYED","30","250","70","NOT_DISPLAYED","65","NOT_DISPLAYED","565","65","180","10","NOT_DISPLAYED","NOT_DISPLAYED","50","120","NOT_DISPLAYED","38.906051549137054","-94.65602688918995"
"bvsd-14126","2025-10-16 10:22:22","[0,1,2,3,5,6,7,8,11,12,13,15,17]","[Sleep, Meals/Eating, School, Homework, Grooming, Travel/Commuting, Chores, Television, Reading, Communicating, Socializing, Purchasing, Social Media]","5","30","1","NOT_DISPLAYED","60","70","60","30","20","390","540","50","60","NOT_DISPLAYED","NOT_DISPLAYED","65","60","NOT_DISPLAYED","NOT_DISPLAYED","38.914869900038646","-94.65229006868887"
"bvsd-98403","2025-10-16 10:22:17","[0,1,17,3,4,5,6,8,10,13]","[Sleep, Meals/Eating, Social Media, Homework, Work, Grooming, Travel/Commuting, Television, Sports, Socializing]","NOT_DISPLAYED","NOT_DISPLAYED","2","NOT_DISPLAYED","50","60","20","NOT_DISPLAYED","NOT_DISPLAYED","NOT_DISPLAYED","455","150","150","NOT_DISPLAYED","20","120","35","NOT_DISPLAYED","380","38.90237769962354","-94.66568028086296"
"bvsd-36323","2025-10-16 10:22:11","[0,1,17,5,6,7,12,13,15]","[Sleep, Meals/Eating, Social Media, Grooming, Travel/Commuting, Chores, Communicating, Socializing, Purchasing]","35","100","2","NOT_DISPLAYED","70","NOT_DISPLAYED","60","165","NOT_DISPLAYED","NOT_DISPLAYED","530","150","260","NOT_DISPLAYED","NOT_DISPLAYED","NOT_DISPLAYED","70","NOT_DISPLAYED","NOT_DISPLAYED",,
"bvsd-16908","2025-10-16 10:21:53","[0,1,17,2,5,6,10,13]","[Sleep, Meals/Eating, Social Media, School, Grooming, Travel/Commuting, Sports, Socializing]","NOT_DISPLAYED","NOT_DISPLAYED","3","NOT_DISPLAYED","90","NOT_DISPLAYED","45","NOT_DISPLAYED","NOT_DISPLAYED","435","345","345","50","NOT_DISPLAYED","90","NOT_DISPLAYED","40","NOT_DISPLAYED","NOT_DISPLAYED",,
"bvsd-15535","2025-10-16 10:21:49","[0,1,17,2,3,4,5,6,12,13]","[Sleep, Meals/Eating, Social Media, School, Homework, Work, Grooming, Travel/Commuting, Communicating, Socializing]","NOT_DISPLAYED","60","1","NOT_DISPLAYED","120","25","60","NOT_DISPLAYED","NOT_DISPLAYED","180","540","30","210","NOT_DISPLAYED","NOT_DISPLAYED","NOT_DISPLAYED","55","NOT_DISPLAYED","160","38.910396402372285","-94.66003096445002"
"bvsd-98403","2025-10-16 10:21:03","[0,1,17,2,3,5,6,7,8,12,13,15]","[Sleep, Meals/Eating, Social Media, School, Homework, Grooming, Travel/Commuting, Chores, Television, Communicating, Socializing, Purchasing]","10","5","1","NOT_DISPLAYED","40","60","65","10","NOT_DISPLAYED","340","590","120","140","NOT_DISPLAYED","NOT_DISPLAYED","40","20","NOT_DISPLAYED","NOT_DISPLAYED","38.90245123597512","-94.66600200778632"
"bvsd-22662","2025-10-16 10:20:54","[0,1,17,2,5,9,10,13]","[Sleep, Meals/Eating, Social Media, School, Grooming, Videogames, Sports, Socializing]","NOT_DISPLAYED","NOT_DISPLAYED","1","NOT_DISPLAYED","20","NOT_DISPLAYED","120","NOT_DISPLAYED","NOT_DISPLAYED","300","420","190","210","NOT_DISPLAYED","90","NOT_DISPLAYED","NOT_DISPLAYED","90","NOT_DISPLAYED","38.9103382420845","-94.6584467943546"
"bvsd-33516","2025-10-16 10:20:51","[0,1,17,2,3,5,6,7,9,11,13,14]","[Sleep, Meals/Eating, Social Media, School, Homework, Grooming, Travel/Commuting, Chores, Videogames, Reading, Socializing, Spiritual]","30","NOT_DISPLAYED","1","NOT_DISPLAYED","50","120","70","NOT_DISPLAYED","15","470","480","74","30","16","NOT_DISPLAYED","NOT_DISPLAYED","25","60","NOT_DISPLAYED","38.899195322144664","-94.66703897637512"
"bvsd-16908","2025-10-16 10:20:49","[0,1,17,2,5,6,10,13]","[Sleep, Meals/Eating, Social Media, School, Grooming, Travel/Commuting, Sports, Socializing]","NOT_DISPLAYED","NOT_DISPLAYED","2","NOT_DISPLAYED","95","NOT_DISPLAYED","20","NOT_DISPLAYED","NOT_DISPLAYED","375","450","295","30","NOT_DISPLAYED","90","NOT_DISPLAYED","85","NOT_DISPLAYED","NOT_DISPLAYED",,
"bvsd-55063","2025-10-16 10:20:43","[0,1,2,3,5,6,7,9,11,12,13,14,17]","[Sleep, Meals/Eating, School, Homework, Grooming, Travel/Commuting, Chores, Videogames, Reading, Communicating, Socializing, Spiritual, Social Media]","60","10","1","NOT_DISPLAYED","85","140","45","NOT_DISPLAYED","10","295","355","80","160","10","NOT_DISPLAYED","NOT_DISPLAYED","75","115","NOT_DISPLAYED","38.90210709360317","-94.66559135980006"
"bvsd-51226","2025-10-16 10:20:37","[0,1,17,2,4,5,9,13]","[Sleep, Meals/Eating, Social Media, School, Work, Grooming, Videogames, Socializing]","NOT_DISPLAYED","NOT_DISPLAYED","1","NOT_DISPLAYED","20","NOT_DISPLAYED","180","NOT_DISPLAYED","NOT_DISPLAYED","300","350","110","180","NOT_DISPLAYED","NOT_DISPLAYED","NOT_DISPLAYED","NOT_DISPLAYED","60","240","38.90840417859843","-94.6588242805423"
"bvsd-36323","2025-10-16 10:20:37","[0,1,17,2,3,5,6,8,12,13]","[Sleep, Meals/Eating, Social Media, School, Homework, Grooming, Travel/Commuting, Television, Communicating, Socializing]","NOT_DISPLAYED","25","1","NOT_DISPLAYED","75","110","85","NOT_DISPLAYED","NOT_DISPLAYED","240","640","130","60","NOT_DISPLAYED","NOT_DISPLAYED","20","55","NOT_DISPLAYED","NOT_DISPLAYED",,
"bvsd-16908","2025-10-16 10:19:39","[0,1,17,2,4,5,6]","[Sleep, Meals/Eating, Social Media, School, Work, Grooming, Travel/Commuting]","NOT_DISPLAYED","NOT_DISPLAYED","1","NOT_DISPLAYED","100","NOT_DISPLAYED","60","NOT_DISPLAYED","NOT_DISPLAYED","375","390","90","NOT_DISPLAYED","NOT_DISPLAYED","NOT_DISPLAYED","NOT_DISPLAYED","35","NOT_DISPLAYED","390",,
# reviewed: 2026-05-31 16:14:02 [8] run-8361
# reviewed: 2026-06-06 16:09:27 [1] run-3334
# reviewed: 2026-06-11 18:18:24 [3] run-3862
# reviewed: 2026-06-16 18:55:51 [5] run-28402
